Country Name,Country Code,Series Name,Series Code,2000 [YR2000],2001 [YR2001],2002 [YR2002],2003 [YR2003],2004 [YR2004],2005 [YR2005],2006 [YR2006],2007 [YR2007],2008 [YR2008],2009 [YR2009],2010 [YR2010],2011 [YR2011],2012 [YR2012],2013 [YR2013],2014 [YR2014],2015 [YR2015]
Antigua and Barbuda,ATG,"Population, total",SP.POP.TOTL,74912,76069,77032,77884,78719,79611,80604,81704,82912,84173,85320,86332,87260,88064,88765,89409
Bahamas,BHS,"Population, total",SP.POP.TOTL,323835,327836,331614,335618,339782,343894,348375,353334,358120,362810,367478,371729,375469,378953,382298,385346
Bahrain,BHR,"Population, total",SP.POP.TOTL,637582,661316,710553,764517,823741,888822,960424,1039295,1103496,1178415,1228543,1195020,1208964,1253191,1314562,1370322
Barbados,BRB,"Population, total",SP.POP.TOTL,262063,262425,264148,265776,267298,268706,270002,271288,272714,274123,275243,276139,276938,277665,278348,278990
Bolivia (Plurinational State of),BOL,"Population, total",SP.POP.TOTL,8606326,8752736,8900355,9050700,9204287,9360754,9521689,9685960,9850858,10016275,10182345,10348929,10515807,10682608,10848888,11014705
Brunei Darussalam,BRN,"Population, total",SP.POP.TOTL,326424,333345,340099,346637,352911,358916,364663,370873,377793,384952,392332,399389,405557,411202,416750,422212
"CÃ´te d'Ivoire",CIV,"Population, total",SP.POP.TOTL,17699004,18178913,18654771,19125542,19595000,20068458,20546802,21030558,21514439,21997940,22488065,22982000,23467078,23939775,24527395,25246342
"Congo",COG,"Population, total",SP.POP.TOTL,3151345,3272537,3350771,3445753,3565554,3696393,3837409,3980430,4113517,4281219,4462290,4609724,4740450,4857099,4975880,5097581
Cook Islands,CKS,"Population, total",SP.POP.TOTL,15837,15209,14942,15003,15057,15105,15197,15473,15956,16453,16954,17432,17638,17572,17513,17427
Cuba,CUB,"Population, total",SP.POP.TOTL,11109109,11144132,11177418,11209383,11238756,11262554,11278550,11287272,11291762,11294719,11297409,11301571,11303175,11298167,11285775,11275065
Czechia,CZE,"Population, total",SP.POP.TOTL,10255063,10216605,10196916,10193998,10197101,10211216,10238905,10298828,10384603,10443936,10474410,10496088,10510785,10514272,10525347,10546059
"Democratic People's Republic of Korea",PRK,"Population, total",SP.POP.TOTL,23665910,23815358,23943973,24090380,24254943,24396433,24524507,24646383,24764618,24878332,24987258,25097874,25211728,25329451,25451262,25575350
"Democratic Republic of the Congo",COD,"Population, total",SP.POP.TOTL,50507442,52132646,53750524,55343867,56997741,58775724,60615908,62477752,64390664,66412044,68563038,70849311,73254618,75789395,78403242,81035531
Dominica,DMA,"Population, total",SP.POP.TOTL,68511,68288,68367,68531,68649,68734,68806,68847,68854,68864,68859,69053,69118,69715,70373,70410
Egypt,EGY,"Population, total",SP.POP.TOTL,73083284,74652029,76239137,77853548,79477443,81101004,82700403,84276225,85864789,87501636,89196072,91093059,93161001,95333553,97528654,99597342
Eritrea,ERI,"Population, total",SP.POP.TOTL,2247031,2312079,2392978,2493903,2598284,2661215,2703502,2743222,2816327,2887885,2945186,2998485,3036988,3074360,3095173,3105546
Gambia,GMB,"Population, total",SP.POP.TOTL,1455084,1495011,1535691,1577611,1621312,1667037,1715275,1765774,1817852,1871422,1926630,1983784,2043094,2103820,2164528,2224529
Grenada,GRD,"Population, total",SP.POP.TOTL,107451,107987,108404,108884,109323,109734,110135,110522,110896,111254,111586,112079,112775,113487,114132,114676
"Iran (Islamic Republic of)",IRN,"Population, total",SP.POP.TOTL,66418659,67452005,68011317,68769340,70256316,71828455,73392747,74602648,75514204,76457825,77420842,78383598,79370580,80414686,81502045,82619362
Kuwait,KWT,"Population, total",SP.POP.TOTL,1954709,2008121,2059974,2109881,2157320,2236788,2364733,2507887,2651421,2795484,2943372,3132814,3337109,3507844,3665876,3834574
Kyrgyzstan,KGZ,"Population, total",SP.POP.TOTL,4898361.5,4945072.5,4990704,5043308,5104712.5,5162639.5,5218373,5268384.5,5318729,5389643,5467059,5546586.5,5652076,5777150,5905847.5,6040035.5
"Lao People's Democratic Republic",LAO,"Population, total",SP.POP.TOTL,5431212,5521482,5610889,5697945,5781626,5869523,5963200,6056236,6148969,6241642,6334194,6426590,6518978,6611385,6703172,6801645
Libya,LBY,"Population, total",SP.POP.TOTL,5305021,5403639,5508410,5619398,5736693,5858798,5980211,6104380,6235430,6366686,6497839,6343203,6179328,6304628,6427252,6531819
Marshall Islands,MHL,"Population, total",SP.POP.TOTL,50706,51123,51425,51639,51791,51906,51992,52035,52030,52019,52044,51907,51419,50681,49796,48800
Micronesia (Federated States of),FSM,"Population, total",SP.POP.TOTL,112044,112365,112448,112285,111925,111412,110729,109880,108936,107957,107540,107698,107890,108121,108396,108716
Monaco,MCO,"Population, total",SP.POP.TOTL,32455,32447,32422,32374,32307,32210,32057,31837,31836,32364,33163,33946,34711,35447,36128,36757
Nauru,NRU,"Population, total",SP.POP.TOTL,10168,10130,10082,10059,10060,10049,10034,10020,10009,10016,10043,10098,10267,10517,10742,10954
New Zealand,NZL,"Population, total",SP.POP.TOTL,3857700,3880500,3948500,4027200,4087500,4133900,4184600,4223800,4259800,4302600,4350700,4384000,4408100,4442100,4516500,4609400
Niue,NIU,"Population, total",SP.POP.TOTL,2034,1971,1925,1888,1849,1811,1773,1762,1755,1755,1743,1733,1735,1746,1753,1766
Oman,OMN,"Population, total",SP.POP.TOTL,2282131,2310217,2337140,2363796,2404821,2459802,2514795,2570174,2626529,2684659,2757446,3076763,3547106,3833913,4002439,4184895
Qatar,QAT,"Population, total",SP.POP.TOTL,644989,677925,711205,744682,773332,825408,972831,1208595,1426938,1608903,1616832,1624761,1722438,1916426,2151745,2344557
Republic of Korea,KOR,"Population, total",SP.POP.TOTL,47008111,47370164,47644736,47892330,48082519,48184561,48438292,48683638,49054708,49307835,49554112,49936638,50199853,50428893,50746659,51014947
Republic of Moldova,MDA,"Population, total",SP.POP.TOTL,2924668,2918135,2911385,2903198,2896023,2888985,2880967,2874299,2868833,2865213,2862354,2860699,2860324,2859558,2857815,2835978
Saint Kitts and Nevis,KNA,"Population, total",SP.POP.TOTL,45248,45761,46020,46176,46315,46437,46569,46706,46835,46916,46846,46886,47033,47069,47089,47087
Saint Lucia,LCA,"Population, total",SP.POP.TOTL,158616,160237,161641,162976,164239,165450,166639,167758,168808,169869,170906,171801,172587,173369,174138,174905
Saint Vincent and the Grenadines,VCT,"Population, total",SP.POP.TOTL,113545,113501,113347,113141,112835,112450,112014,111531,111028,110508,109959,109349,108736,108135,107535,106960
San Marino,SMR,"Population, total",SP.POP.TOTL,26799,27143,27491,27843,29457,29836,30184,31211,31662,33066,33270,32620,33469,33041,32655,32897
Saudi Arabia,SAU,"Population, total",SP.POP.TOTL,16177722,17041397,17910910,18786767,19669480,20559890,21459144,22368313,23287877,24217654,23978487,25091867,26168861,27624004,28309273,29816382
Singapore,SGP,"Population, total",SP.POP.TOTL,4027887,4138012,4175950,4114826,4166664,4265762,4401365,4588599,4839396,4987573,5076732,5183688,5312437,5399162,5469724,5535002
Slovakia,SVK,"Population, total",SP.POP.TOTL,5388720,5378867,5376912,5373374,5372280,5372807,5373054,5374622,5379233,5386406,5391428,5398384,5407579,5413393,5418649,5423801
Somalia,SOM,"Population, total",SP.POP.TOTL,8838713,9198493,9550063,9909157,10280998,10644228,10975502,11322582,11663084,11961201,12261756,12348830,12461160,12869594,13339491,13806963
The former Yugoslav republic of Macedonia,MKD,"Population, total",SP.POP.TOTL,2026350,2034882,2020157,2022725,2016186,2005330,1994287,1982933,1971493,1958782,1946298,1937398,1929821,1922716,1917557,1912430
United Arab Emirates,ARE,"Population, total",SP.POP.TOTL,3493575,3723590,3956826,4192457,4428967,4664790,5009100,5624635,6302664,6707058,6869838,7104538,7391448,7693031,8059440,8505237
United Kingdom of Great Britain and Northern Ireland,GBR,"Population, total",SP.POP.TOTL,58892514,59119673,59370479,59647577,59987905,60401206,60846820,61322463,61806995,62276270,62766365,63258810,63700215,64128273,64602298,65116219
United Republic of Tanzania,TZA,"Population, total",SP.POP.TOTL,34260139,35198299,36121304,37089555,38109668,39182076,40294902,41435512,42570728,43633982,44758488,46029367,47374260,48824128,50351512,52020962
United States of America,USA,"Population, total",SP.POP.TOTL,282162411,284968955,287625193,290107933,292805298,295516599,298379912,301231207,304093966,306771529,309327143,311583481,313877662,316059947,318386329,320738994
Venezuela (Bolivarian Republic of),VEN,"Population, total",SP.POP.TOTL,24526708,24979922,25435671,25892703,26340838,26785804,27224686,27649363,28053696,28438298,28813101,29185212,29553826,29912198,30254079,30573972
Viet Nam,VNM,"Population, total",SP.POP.TOTL,77154011,77969361,78772224,79563777,80338971,81088313,82167897,83633375,85175788,86460018,87455152,88468314,89510356,90573104,91679578,92823254
Yemen,YEM,"Population, total",SP.POP.TOTL,19624141,20226147,20835086,21456379,22095167,22790085,23543083,24318082,25111941,25927724,26754387,27582897,28433647,29312952,30226309,31159379